,name,address,sido,gungu
0,개포1호,서울강남구논현로16길5,서울특별시,강남구
1,논현1호,서울강남구강남대로114길15논현동,서울특별시,강남구
2,대치1호,서울강남구삼성로69길11,서울특별시,강남구
3,대치2호,"서울강남구도곡로516,삼정상가113호의1/2",서울특별시,강남구
4,삼성1호,서울강남구봉은사로451,서울특별시,강남구
5,세곡,서울강남구자곡로101강남레미안힐즈상가103호,서울특별시,강남구
6,압구정신사,"서울강남구언주로172길29,대성빌딩1층1호",서울특별시,강남구
7,역삼1호,서울강남구강남대로66길161층,서울특별시,강남구
8,일원본동,"서울강남구광평로31길27,삼성아파트상가104호",서울특별시,강남구
9,청담역,서울강남구학동로87길9진흥아파트상가,서울특별시,강남구
10,강일,서울강동구아리수로419리슈빌오피스텔,서울특별시,강동구
11,고덕1호,서울강동구고덕로61길116,서울특별시,강동구
12,길1호,서울강동구천중로201,서울특별시,강동구
13,둔촌1호,서울강동구진황도로168,서울특별시,강동구
14,명일1호,서울강동구구천면로438,서울특별시,강동구
15,성내,"서울강동구풍성로143,1층",서울특별시,강동구
16,암사1호,서울강동구올림픽로92길11,서울특별시,강동구
17,암사2호,서울강동구고덕로85,서울특별시,강동구
18,천호1호,서울강동구구천면로216,서울특별시,강동구
19,덕성여대,서울강북구삼양로525,서울특별시,강북구
20,미아1호,서울강북구삼양로128,서울특별시,강북구
21,미아역,서울강북구도봉로142,서울특별시,강북구
22,수유1호,서울강북구삼각산로119,서울특별시,강북구
23,수유역점,서울강북구한천로1016,서울특별시,강북구
24,가양,서울강서구양천로482삼부르네상스109호,서울특별시,강서구
25,강서구청,서울강서구화곡로289,서울특별시,강서구
26,까치산역,"서울강서구곰달래로125,라인씨티1층",서울특별시,강서구
27,등촌,서울강서구공항대로509,서울특별시,강서구
28,마곡1호,서울강서구강서로429마곡오드카운티1차111호,서울특별시,강서구
29,발산역,"서울강서구강서로341,1층13호",서울특별시,강서구
30,방화2호,서울강서구방화동로113-1,서울특별시,강서구
31,염창,서울강서구양천로697,서울특별시,강서구
32,화곡2호,서울강서구가로공원로227,서울특별시,강서구
33,봉천2호,서울관악구남부순환로1881,서울특별시,관악구
34,봉천3호,서울관악구봉천로604,서울특별시,관악구
35,봉천4호,서울관악구봉천로374,서울특별시,관악구
36,봉천5호,서울관악구관악로274-1,서울특별시,관악구
37,신림1호,서울관악구남부순환로161가길42,서울특별시,관악구
38,신림2호,서울관악구문성로82,서울특별시,관악구
39,신림3호,서울관악구대학길47,서울특별시,관악구
40,건대,서울광진구아차산로31길13,서울특별시,광진구
41,광장,서울특별시광진구광나루로607,서울특별시,광진구
42,구의2호,서울광진구광나루로544,서울특별시,광진구
43,자양1호,서울광진구자양번영로15,서울특별시,광진구
44,자양2호,서울광진구자양로13길40자양동,서울특별시,광진구
45,중곡1호,서울광진구능동로356,서울특별시,광진구
46,중곡2호,서울광진구영화사로62,서울특별시,광진구
47,개봉1호,서울구로구개봉로30-1,서울특별시,구로구
48,고척1호,서울구로구고척로129,서울특별시,구로구
49,구로2호,서울구로구구로중앙로18길68,서울특별시,구로구
50,구로디지털,서울구로구디지털로26길110,서울특별시,구로구
51,동양미래대학,"서울구로구중앙로8길11,106호",서울특별시,구로구
52,신도림1호,서울구로구신도림동410-1신도림6차대림@상가902동111호,서울특별시,구로구
53,오류1호,서울구로구경인로189-1,서울특별시,구로구
54,천왕역,서울구로구서해안로2264,서울특별시,구로구
55,가산디지털,서울금천구가산디지털1로165,서울특별시,금천구
56,독산1호,"서울금천구문성로7,102호,103호",서울특별시,금천구
57,시흥1호,서울금천구금하로753-1,서울특별시,금천구
58,시흥2호,서울금천구은행나무로12,서울특별시,금천구
59,공릉1호,서울노원구공릉로35길2,서울특별시,노원구
60,공릉2호,서울노원구공릉로235,서울특별시,노원구
61,상계4단지,"서울노원구동일로1356101호상계동,상계주공4단지아파트",서울특별시,노원구
62,상계보람,서울노원구한글비석로52길14,서울특별시,노원구
63,석계역,서울노원구석계로31,서울특별시,노원구
64,수락산역,서울노원구동일로1651,서울특별시,노원구
65,중계1호,서울노원구한글비석로245,서울특별시,노원구
66,중계2호,서울노원구덕릉로721정진빌라1층,서울특별시,노원구
67,중계역,서울노원구동일로1279중계동,서울특별시,노원구
68,하계1호,서울노원구한글비석로89101호하계동,서울특별시,노원구
69,도봉동,서울도봉구마들로689,서울특별시,도봉구
70,쌍문1호,"서울도봉구도당로36,재인상가106호",서울특별시,도봉구
71,쌍문역,서울도봉구도봉로505,서울특별시,도봉구
72,창3동,서울도봉구덕릉로264,서울특별시,도봉구
73,창동,서울도봉구해등로120,서울특별시,도봉구
74,답십리1호,서울동대문구전농로65-1,서울특별시,동대문구
75,서울시립대,서울동대문구전농로189,서울특별시,동대문구
76,신이문,서울동대문구신이문로29-1,서울특별시,동대문구
77,안암,서울동대문구안암로122,서울특별시,동대문구
78,장안1호,서울동대문구한천로229,서울특별시,동대문구
79,장안2호,"서울동대문구답십리로72길60,1층",서울특별시,동대문구
80,청량리역,서울동대문구왕산로253,서울특별시,동대문구
81,대방1호,"서울특별시동작구등용로101,한스빌105호",서울특별시,동작구
82,사당1호,"서울동작구사당로23길2,1층",서울특별시,동작구
83,사당3호,서울동작구사당로185-1,서울특별시,동작구
84,상도터널,서울동작구흑석로5상도1동,서울특별시,동작구
85,신대방,서울동작구시흥대로646,서울특별시,동작구
86,신대방삼거리,서울동작구여의대방로24길129,서울특별시,동작구
87,흑석1호,서울동작구흑석로116,서울특별시,동작구
88,도화,"서울특별시마포구도화길31,1,2층",서울특별시,마포구
89,망원2동,서울마포구월드컵로151,서울특별시,마포구
90,상암,서울마포구월드컵북로48길14,서울특별시,마포구
91,성산2동,서울마포구월드컵로190,서울특별시,마포구
92,신공덕,"서울마포구만리재로74,1동109호",서울특별시,마포구
93,신수,"서울마포구독막로209신수동,세양청마루아파트",서울특별시,마포구
94,아현,서울마포구마포대로195마포래미안푸르지오101동상가114호,서울특별시,마포구
95,연남,서울마포구연남로45,서울특별시,마포구
96,홍대,서울마포구양화로16길6,서울특별시,마포구
97,독립문,서울서대문구통일로153-1냉천동,서울특별시,서대문구
98,명지대,서울서대문구거북골로57-1,서울특별시,서대문구
99,북가좌1호,서울서대문구북가좌1동385-41,서울특별시,서대문구
100,북아현1호,서울서대문구북아현로40,서울특별시,서대문구
101,신촌,서울서대문구명물길21,서울특별시,서대문구
102,연희1호,서울서대문구성산로381,서울특별시,서대문구
103,홍은1호,서울서대문구세검정로89,서울특별시,서대문구
104,홍은사거리,서울서대문구통일로473,서울특별시,서대문구
105,반포1호,"서울서초구신반포로22,H동26호",서울특별시,서초구
106,방배1호,서울서초구방배중앙로27길2,서울특별시,서초구
107,방배2호,서울서초구방배중앙로14,서울특별시,서초구
108,서초1호,서울서초구강남대로43길22-11층,서울특별시,서초구
109,서초2호,서울서초구서초대로56길22,서울특별시,서초구
110,서초3호,서울서초구사임당로31,서울특별시,서초구
111,양재1호,서울서초구동산로6,서울특별시,서초구
112,잠원1호,서울서초구나루터로69,서울특별시,서초구
113,금호1호,서울성동구금호로62,서울특별시,성동구
114,성수1호,서울성동구동일로41,서울특별시,성동구
115,성수역,서울성동구아차산로7길10-1,서울특별시,성동구
116,왕십리1호,"서울성동구무학봉15길8,1층",서울특별시,성동구
117,왕십리도선,서울성동구고산자로2811층,서울특별시,성동구
118,응봉,"서울성동구독서당로62길43상가내1층응봉동,대림아파트",서울특별시,성동구
119,동덕여대,서울성북구화랑로103,서울특별시,성북구
120,동소문,"서울성북구아리랑로21-1,1층",서울특별시,성북구
121,보문역,서울성북구보문로129-8보문동2가,서울특별시,성북구
122,석관장위,서울성북구돌곶이로93,서울특별시,성북구
123,정릉1호,서울성북구보국문로68,서울특별시,성북구
124,정릉2호,서울성북구정릉로31길32,서울특별시,성북구
125,가락2호,서울송파구양재대로62길35다우빌딩1층,서울특별시,송파구
126,거여가락1호,서울송파구문정로143,서울특별시,송파구
127,마천1호,서울송파구오금로5441층,서울특별시,송파구
128,문정법조,서울송파구새말로62문정동,서울특별시,송파구
129,방이2호,서울송파구오금로11길22,서울특별시,송파구
130,방이역,서울송파구마천로76성암빌딩1층,서울특별시,송파구
131,석촌,서울송파구백제고분로39길29,서울특별시,송파구
132,송파1호,서울송파구가락로156,서울특별시,송파구
133,위례송파,"서울송파구위례광장로136위례아이파크상가1동103호,104호",서울특별시,송파구
134,잠실1호,서울송파구백제고분로142,서울특별시,송파구
135,잠실2호,서울송파구올림픽로35가길9,서울특별시,송파구
136,장지,서울송파구새말로167,서울특별시,송파구
137,풍납1호,서울송파구토성로55,서울특별시,송파구
138,목동1호,서울양천구목동중앙서로24,서울특별시,양천구
139,목동2호,"서울양천구목동동로423,이화프라자1층101호",서울특별시,양천구
140,목동오거리,"서울양천구목동로230,목동2차아이파크상가102호",서울특별시,양천구
141,신월2호,서울양천구지양로52,서울특별시,양천구
142,신정1호,서울양천구신월로326,서울특별시,양천구
143,신트리,"서울양천구신정로312,목동뉴프라자",서울특별시,양천구
144,오목교,"서울양천구목동동로180,아이파크아파트상가1층",서울특별시,양천구
145,화곡1호,서울양천구화곡로103,서울특별시,양천구
146,당산1호,"서울영등포구영중로145,삼환아파트상가112호",서울특별시,영등포구
147,대림2호,서울영등포구대림로235,서울특별시,영등포구
148,문래,서울영등포구선유로50,서울특별시,영등포구
149,신길1호,서울영등포구도림로320,서울특별시,영등포구
150,신길2호,서울영등포구여의대방로177,서울특별시,영등포구
151,여의도,서울영등포구여의대방로67길11,서울특별시,영등포구
152,영등포1호,서울영등포구도신로145,서울특별시,영등포구
153,동부이촌,서울용산구이촌로75길22오성상가103이촌동,서울특별시,용산구
154,보광,서울용산구장문로81,서울특별시,용산구
155,용문,서울용산구새창로108,서울특별시,용산구
156,후암,서울용산구후암로28-1,서울특별시,용산구
157,구산역,서울은평구연서로157,서울특별시,은평구
158,대조,"서울은평구서오릉로94,삼성아파트101호",서울특별시,은평구
159,불광1동,"서울은평구불광로60불광동,라비앙프라자1층101호",서울특별시,은평구
160,신사1동,서울은평구은평로22,서울특별시,은평구
161,역촌1호,서울은평구역말로8,서울특별시,은평구
162,연신내,서울은평구통일로866-1,서울특별시,은평구
163,은평뉴타운,서울은평구진관동은평도시개발사업지구9단지914동상가103호,서울특별시,은평구
164,응암1동,서울은평구백련산로85응암동,서울특별시,은평구
165,증산,서울은평구증산서길65,서울특별시,은평구
166,대학로,서울특별시종로구대학로11길23,서울특별시,종로구
167,숭인,서울종로구종로385,서울특별시,종로구
168,동대문1호,서울종로구종로294,서울특별시,중구
169,신당1호,서울중구다산로42나길46,서울특별시,중구
170,망우본동,서울중랑구망우로478-1,서울특별시,중랑구
171,면목1호,서울중랑구겸재로226-2,서울특별시,중랑구
172,면목2호,서울중랑구중랑천로50,서울특별시,중랑구
173,면목3호,서울중랑구용마산로297,서울특별시,중랑구
174,묵동,서울중랑구동일로929,서울특별시,중랑구
175,상봉1호,서울중랑구상봉중앙로34,서울특별시,중랑구
176,신내1호,"서울중랑구신내로10길4,1층상가",서울특별시,중랑구
177,국제신도시,부산강서구명지국제8로246,부산광역시,강서구
178,명지신도시,부산강서구명지오션시티8로30번길26,부산광역시,강서구
179,신호,부산강서구신호산단1로76,부산광역시,강서구
180,구서1호,부산금정구금강로565번길25,부산광역시,금정구
181,남산1호,부산금정구금강로678-1,부산광역시,금정구
182,부곡1호,부산금정구무학송로127,부산광역시,금정구
183,부곡2호,부산금정구부곡로92,부산광역시,금정구
184,부산대,부산금정구금강로270,부산광역시,금정구
185,서동1호,부산금정구서동로182,부산광역시,금정구
186,장전1호,부산금정구금강로335번길48,부산광역시,금정구
187,기장1호,부산기장군기장읍차성로344번길12,부산광역시,기장군
188,정관1호,부산기장군정관면구연3로5신세계프라자102호,부산광역시,기장군
189,정관2호,부산기장군정관읍모전3길2,부산광역시,기장군
190,감만,부산남구우암로53,부산광역시,남구
191,대연1호,부산남구유엔로126-1,부산광역시,남구
192,대연2호,부산남구용소로13번길26,부산광역시,남구
193,메트로시티1호,부산남구분포로113,부산광역시,남구
194,못골,부산남구진남로78,부산광역시,남구
195,문현2호,부산남구고동골로68,부산광역시,남구
196,용호1호,부산남구용호로185,부산광역시,남구
197,범일1호,부산동구조방로49번길10,부산광역시,동구
198,수정1호,부산동구고관로103,부산광역시,동구
199,초량,부산동구중앙대로209번길6,부산광역시,동구
200,명륜,부산동래구명륜로177,부산광역시,동래구
201,명장1호,"부산동래구충렬사로81,국제파크상가106호",부산광역시,동래구
202,복천,부산동래구동래로128,부산광역시,동래구
203,사직1호,부산동래구미남로70,부산광역시,동래구
204,사직2호,부산동래구사직로60,부산광역시,동래구
205,안락2호,부산동래구안남로77,부산광역시,동래구
206,온천1호,부산동래구금강공원로30-1,부산광역시,동래구
207,온천2호,"부산동래구충렬대로86번길62,가동101호",부산광역시,동래구
208,우방신세계,부산동래구명장로139-1안락동,부산광역시,동래구
209,가야,부산부산진구엄광로143,부산광역시,부산진구
210,개금1호,부산부산진구백양대로208번길90,부산광역시,부산진구
211,당감,부산부산진구동평로46,부산광역시,부산진구
212,범천,부산부산진구신암로55-1,부산광역시,부산진구
213,서면,부산부산진구중앙대로745-1,부산광역시,부산진구
214,신개금,부산부산진구가야대로475,부산광역시,부산진구
215,양정,부산부산진구연수로13-1,부산광역시,부산진구
216,연지,부산부산진구연지동40-12,부산광역시,부산진구
217,초읍1호,부산부산진구새싹로274-1,부산광역시,부산진구
218,구포1호,"부산북구시랑로101번길38,A동100호",부산광역시,북구
219,덕천2호,부산북구덕천로135,부산광역시,북구
220,만덕2호,부산북구만덕3로44-1,부산광역시,북구
221,화명1호,"부산북구산성로12번길72,좌측",부산광역시,북구
222,화명3호,"부산북구금곡대로414,2층",부산광역시,북구
223,화명신도시,부산북구금곡대로303번길94,부산광역시,북구
224,괘법,부산사상구운산로36,부산광역시,사상구
225,덕포,부산사상구사상로304,부산광역시,사상구
226,모라,부산사상구백양대로937,부산광역시,사상구
227,신주례,부산사상구백양대로328,부산광역시,사상구
228,엄궁,부산사상구엄궁북로39,부산광역시,사상구
229,주례럭키,부산사상구냉정로125,부산광역시,사상구
230,학장,부산사상구대동로117,부산광역시,사상구
231,괴정1호,부산사하구괴정로288,부산광역시,사하구
232,다대1호,부산사하구다송로4,부산광역시,사하구
233,다대2호,부산사하구윤공단로75번길43102호,부산광역시,사하구
234,당리괴정2호,부산사하구낙동대로310,부산광역시,사하구
235,신평1호,부산사하구다대로141-1,부산광역시,사하구
236,장림,부산사하구장평로111,부산광역시,사하구
237,하단1호,부산사하구낙동대로512,부산광역시,사하구
238,하단2호,부산사하구동매로30-1,부산광역시,사하구
239,국제신도시,부산강서구명지국제8로246,부산광역시,강서구
240,남부민,부산서구남부민동456-13,부산광역시,서구
241,대신,부산서구서대신동1가163-1,부산광역시,서구
242,명지신도시,부산강서구명지오션시티8로30번길26,부산광역시,강서구
243,송도감천,"부산서구감천로271,104호",부산광역시,서구
244,신호,부산강서구신호산단1로76,부산광역시,강서구
245,아미부민,부산서구보수대로99,부산광역시,서구
246,광안2호,부산수영구수영로538,부산광역시,수영구
247,망미1호,부산수영구과정로44-11,부산광역시,수영구
248,민락,부산수영구광남로196-1,부산광역시,수영구
249,수영,부산수영구수영로735,부산광역시,수영구
250,거제법조,부산연제구아시아드대로62,부산광역시,연제구
251,시청,부산연제구거제천로147,부산광역시,연제구
252,연산2호,부산연제구중앙대로1164삼익아파트상가101호,부산광역시,연제구
253,연산3호,부산연제구연수로1991층,부산광역시,연제구
254,대교남항,부산영도구남항로6-1,부산광역시,영도구
255,동삼,부산영도구동삼로39-4,부산광역시,영도구
256,봉래영선,부산영도구한결길12,부산광역시,영도구
257,청학,부산영도구태종로352,부산광역시,영도구
258,영주대청,부산중구중구로70-1,부산광역시,중구
259,반송,부산해운대구윗반송로51,부산광역시,해운대구
260,반여1호,부산해운대구반여로108,부산광역시,해운대구
261,송정,부산해운대구송정중앙로34,부산광역시,해운대구
262,우동1호,부산해운대구해운대로381-3,부산광역시,해운대구
263,재송1호,부산해운대구재반로166,부산광역시,해운대구
264,재송2호,부산해운대구재송1로31번길55,부산광역시,해운대구
265,좌동1호,부산해운대구세실로104,부산광역시,해운대구
266,좌동3호,부산해운대구청사포로12,부산광역시,해운대구
267,해운대역,부산해운대구해운대로604,부산광역시,해운대구
268,계명,대구남구양지로107대명동,대구광역시,남구
269,대명1호,대구남구대명로60-1,대구광역시,남구
270,봉덕,대구남구중앙대로22길119-2,대구광역시,남구
271,앞산,대구남구대명로230,대구광역시,남구
272,이천대봉,대구남구대봉로38길18,대구광역시,남구
273,감삼성당,대구달서구장기로186,대구광역시,달서구
274,대곡,"대구달서구도원로42,1층107호",대구광역시,달서구
275,상인,대구달서구상화북로180,대구광역시,달서구
276,성서,대구달서구성서서로357,대구광역시,달서구
277,송현,대구달서구월배로430,대구광역시,달서구
278,신월성,"대구달서구조암남로42,트럼프스타빌딩106호",대구광역시,달서구
279,용산,대구달서구용산로194,대구광역시,달서구
280,용산새방,대구달서구선원로264,대구광역시,달서구
281,장기,대구달서구용산로52,대구광역시,달서구
282,진천,대구달서구월배로80길110호,대구광역시,달서구
283,논공,대구달성군논공읍논공로5길150,대구광역시,달성군
284,다사,대구달성군다사읍대실역남로10,대구광역시,달성군
285,명곡,대구달성군화원읍명천로240,대구광역시,달성군
286,서재세천,대구달성군다사읍서재로20길1,대구광역시,달성군
287,테크노폴리스,대구달성군유가면테크노중앙대로254하이젠스타115호,대구광역시,달성군
288,화원,대구달성군화원읍비슬로2635,대구광역시,달성군
289,대구혁신,대구동구이노밸리로46길2102호,대구광역시,동구
290,동구청,대구동구아양로204,대구광역시,동구
291,동호,대구동구동호로64동호동,대구광역시,동구
292,방촌,대구동구화랑로415,대구광역시,동구
293,신암대현,대구동구신암로127,대구광역시,동구
294,신천1호,대구동구송라로87,대구광역시,동구
295,신천2호,대구동구동부로30길27,대구광역시,동구
296,율하,대구동부율하서로78102호,대구광역시,동구
297,지묘봉무,대구동구파계로95지묘동,대구광역시,동구
298,지저불로,대구동구해동로63,대구광역시,동구
299,관음,대구북구칠곡중앙대로487,대구광역시,북구
300,구암,대구북구태암남로10,대구광역시,북구
301,금호지구,대구북구한강로60-1,대구광역시,북구
302,동서변,대구북구동변로91,대구광역시,북구
303,동천3지구,대구북구동천로125-9,대구광역시,북구
304,복현1호,대구북구동북로282,대구광역시,북구
305,복현2호,"대구북구검단로50,서한1차아파트상가103호",대구광역시,북구
306,산격,대구북구대학로69,대구광역시,북구
307,원대,대구북구팔달로27길811층,대구광역시,북구
308,침산,대구북구성북로1,대구광역시,북구
309,태전,대구북구태전로53,대구광역시,북구
310,팔달매천,대구북구매전로2-1,대구광역시,북구
311,감삼성당,대구달서구장기로186,대구광역시,달서구
312,내당,대구서구달구벌대로1795-1,대구광역시,서구
313,달성비산,대구서구북비산로388,대구광역시,서구
314,대곡,"대구달서구도원로42,1층107호",대구광역시,달서구
315,상인,대구달서구상화북로180,대구광역시,달서구
316,성서,대구달서구성서서로357,대구광역시,달서구
317,송현,대구달서구월배로430,대구광역시,달서구
318,신월성,"대구달서구조암남로42,트럼프스타빌딩106호",대구광역시,달서구
319,용산,대구달서구용산로194,대구광역시,달서구
320,용산새방,대구달서구선원로264,대구광역시,달서구
321,장기,대구달서구용산로52,대구광역시,달서구
322,진천,대구달서구월배로80길110호,대구광역시,달서구
323,평리,대구서구국채보상로266,대구광역시,서구
324,만촌1호,대구수성구달구벌대로2614,대구광역시,수성구
325,만촌2호,대구수성수만촌로158-1,대구광역시,수성구
326,범물,"대구수성구범안로58,1층",대구광역시,수성구
327,범어1호,대구수성구달구벌대로496길17,대구광역시,수성구
328,수성,대구수성구들안로347,대구광역시,수성구
329,시지1호,대구광역시수성구천을로157-1,대구광역시,수성구
330,시지2호,"대구수성구시지로55,2동108호상가",대구광역시,수성구
331,중동,대구수성구수성로226,대구광역시,수성구
332,지산,"대구수성구용학로189,113동4호",대구광역시,수성구
333,파동,대구수성구파동로164-1,대구광역시,수성구
334,황금,대구수성구상화로124,대구광역시,수성구
335,남산대신,대구중구남산로49,대구광역시,중구
336,중앙,대구중구중앙대로417-2,대구광역시,중구
337,강화,인천강화군강화읍강화대로342,인천광역시,강화군
338,계산1호,인천계양구오조산로57번길15,인천광역시,계양구
339,계산2호,"인천계양구계산새로25,성일빌딩1층1호",인천광역시,계양구
340,임학박촌,인천계양구장제로1013,인천광역시,계양구
341,작전1호,인천계양구장제로672,인천광역시,계양구
342,효성1호,"인천계양구길마로70현대아파트상가동101호,102호,103호",인천광역시,계양구
343,효성2호,인천계양구안남로486-2,인천광역시,계양구
344,관교,인천남구인하로404-2,인천광역시,남구
345,용현2동,인천남구낙섬중로961층,인천광역시,남구
346,용현5동,인천남구토금남로12용현동,인천광역시,남구
347,주안1호,인천남구인하로346,인천광역시,남구
348,주안3호,인천남구경원대로898,인천광역시,남구
349,학익1호,인천남구매소홀로482,인천광역시,남구
350,간석1호,인천남동구용천로97번길3,인천광역시,남동구
351,구월,인천남동구미래로39더클래스,인천광역시,남동구
352,논현1호,인천남동구논고개로123번길42,인천광역시,남동구
353,논현에코메트로,"인천남동구소래역남로22103호,104호",인천광역시,남동구
354,만수1호,인천남동구담방로21번길23,인천광역시,남동구
355,만수2호,인천남동구만수로85,인천광역시,남동구
356,만수3호,인천남동구백범로258,인천광역시,남동구
357,서창,인천남동구서창남순환로216번길35,인천광역시,남동구
358,간석1호,인천남동구용천로97번길3,인천광역시,남동구
359,구월,인천남동구미래로39더클래스,인천광역시,남동구
360,논현1호,인천남동구논고개로123번길42,인천광역시,남동구
361,논현에코메트로,"인천남동구소래역남로22103호,104호",인천광역시,남동구
362,만수1호,인천남동구담방로21번길23,인천광역시,남동구
363,만수2호,인천남동구만수로85,인천광역시,남동구
364,만수3호,인천남동구백범로258,인천광역시,남동구
365,서창,인천남동구서창남순환로216번길35,인천광역시,남동구
366,송현,인천동구송림로17,인천광역시,동구
367,부개1동,인천부평구경인로1066,인천광역시,부평구
368,부개3동,인천부평구길주남로127,인천광역시,부평구
369,부평1호,인천부평구부평대로115,인천광역시,부평구
370,부평2호,인천부평구길주남로31,인천광역시,부평구
371,산곡1호,인천부평구마장로153,인천광역시,부평구
372,산곡2호,,인천광역시,부평구
373,산곡3호,인천부평구마장로250,인천광역시,부평구
374,삼산,인천부평구충선로311번길25-23,인천광역시,부평구
375,십정1호,인천부평구동암남로25,인천광역시,부평구
376,가좌,인천서구원적로100번길18,인천광역시,서구
377,검단1호,"인천서구검단로459번길7-3106,107호",인천광역시,서구
378,검암,"인천서구승학로452,태건프라자105호",인천광역시,서구
379,당하,인천서구마전동완정로18번지102호,인천광역시,서구
380,불로원당,인천서구원당대로882조이빌103호,인천광역시,서구
381,석남가정,인천서구원창로215,인천광역시,서구
382,연희1호,인천서구심곡로34,인천광역시,서구
383,청라,인천서구연희동중봉대로612번길10-20,인천광역시,서구
384,동춘,인천연수구앵고개로264번길10-111층,인천광역시,연수구
385,선학연수3호,인천연수구학나래로118번길29,인천광역시,연수구
386,송도1호,"인천연수구컨벤시아대로70,302동102호",인천광역시,연수구
387,송도드림시티,"인천연수구컨벤시아대로81드림씨티122,123호",인천광역시,연수구
388,연수중앙,인천연수구샘말로44번길2,인천광역시,연수구
389,옥련,인천연수구독배로35,인천광역시,연수구
390,공항신도시,"인천중구신도시남로141번길2,대원프라자",인천광역시,중구
391,영종하늘도시,인천중구하늘중앙로195번길24중산동,인천광역시,중구
392,소촌우산,광주광산구소촌로152번길30,광주광역시,광산구
393,송정1호,광주광산구도산로10,광주광역시,광산구
394,수완1호,"광주광산구장신로19번안길29-2,1층",광주광역시,광산구
395,수완2호,"광주광산구수완로73번길3,102호",광주광역시,광산구
396,신창,광주광산구신창로104105호,광주광역시,광산구
397,운남1호,광주광산구풍영로47,광주광역시,광산구
398,첨단1호,광주광산구산월동첨단과학산업단지884-2호반상가2동103호,광주광역시,광산구
399,첨단2호,광주광산구첨단중앙로170번길12,광주광역시,광산구
400,하남1호,광주광산구월곡산정로13-1,광주광역시,광산구
401,노대효천,광주남구효덕로192,광주광역시,남구
402,백운,광주남구중앙로66,광주광역시,남구
403,봉선1호,광주남구봉선중앙로135-1,광주광역시,남구
404,봉선2호,광주남구봉선2로31,광주광역시,남구
405,주월,광주남구군분로58,광주광역시,남구
406,진월,"광주남구서문대로627번길9,230동102호상가",광주광역시,남구
407,계림,광주동구중앙로234,광주광역시,동구
408,조선대,광주동구지산로21지산동,광주광역시,동구
409,학동,광주동구의재로22,광주광역시,동구
410,두암1호,광주북구군왕로154,광주광역시,북구
411,문흥1호,광주북구문산로86-1,광주광역시,북구
412,양산1호,"광주북구양산로48,1층",광주광역시,북구
413,오치,광주북구설죽로306,광주광역시,북구
414,운암1호,광주북구북문대로158,광주광역시,북구
415,운암2호,광주북구비엔날레로26운암동,광주광역시,북구
416,일곡1호,광주북구송해로73,광주광역시,북구
417,전남대,광주북구우치로90번길28,광주광역시,북구
418,첨단신용,광주북구첨단연신로91번길38107호,광주광역시,북구
419,금호,광주서구화정로1,광주광역시,서구
420,동천,광주서구동천로18번길16,광주광역시,서구
421,마재,"광주서구화개1로24번길9대주파크빌상가124동114호,115호",광주광역시,서구
422,상무1호,광주서구상무중앙로57,광주광역시,서구
423,쌍촌1호,광주서구내방로231,광주광역시,서구
424,풍암1호,광주서구풍암순환로20,광주광역시,서구
425,화정1호,광주서구월드컵4강로70,광주광역시,서구
426,화정2호,"광주서구화정로2591층113,114호",광주광역시,서구
427,송촌1호,대전대덕구송촌북로20번길27-17,대전광역시,대덕구
428,신탄진,대전대덕구대덕대로1550,대전광역시,대덕구
429,한남대,대전대덕구한남로12번길19-9,대전광역시,대덕구
430,가오천동,대전동구대전로446,대전광역시,동구
431,용운,대전동구용운로156,대전광역시,동구
432,자양대동,대전동구동대전로93,대전광역시,동구
433,가장내동,대전서구가장로129,대전광역시,서구
434,갈마1호,"대전서구갈마로117번길23,푸른임대아파트상가107-2",대전광역시,서구
435,관저느리울,대전서구관저동로65,대전광역시,서구
436,도마1호,대전서구배재로88,대전광역시,서구
437,둔산1호,"대전서구갈마역로22,101호",대전광역시,서구
438,둔산2호,대전서구둔산로238,대전광역시,서구
439,만년,대전서구만년남로3번길1,대전광역시,서구
440,복수,대전서구복수동로63,대전광역시,서구
441,월평1호,대전서구월평중로6,대전광역시,서구
442,탄방,대전서구문정로89번길37,대전광역시,서구
443,관저1호,대전유성구계백로963,대전광역시,유성구
444,관평,대전유성구관평1로67,대전광역시,유성구
445,노은1지구,대전유성구노은로71스타돔120호,대전광역시,유성구
446,노은2지구,대전유성구지족로355,대전광역시,유성구
447,도안1지구,대전유성구상대동로50,대전광역시,유성구
448,송강,대전유성구봉산로36,대전광역시,유성구
449,신성,대전유성구신성로80-1,대전광역시,유성구
450,유성,대전유성구문화원로90,대전광역시,유성구
451,전민,대전유성구전민로70번길59,대전광역시,유성구
452,대사부사,대전중구충무로116,대전광역시,중구
453,문화1호,대전중구천근로21,대전광역시,중구
454,용두오류,대전중구계룡로841,대전광역시,중구
455,중촌,대전중구대종로670,대전광역시,중구
456,태평1호,대전중구태평로22유천동,대전광역시,중구
457,공업탑,울산남구봉월로6,울산광역시,남구
458,달동,울산남구신정로30번길18,울산광역시,남구
459,무거1호,울산남구북부순환도로13번길33,울산광역시,남구
460,삼산,울산남구삼산로241번길35,울산광역시,남구
461,삼산2호,울산남구남중로92,울산광역시,남구
462,수암,울산남구수암로94,울산광역시,남구
463,신정3동(구 신정3호점),울산남구월평로68-1,울산광역시,남구
464,야음1호,울산남구선암동두왕로190,울산광역시,남구
465,야음2호,울산남구수암로259-1,울산광역시,남구
466,옥동,울산남구문수로355,울산광역시,남구
467,울대,울산남구대학로39,울산광역시,남구
468,남목서부,울산동구방어진순환도로929,울산광역시,동구
469,방어,울산동구화문로68,울산광역시,동구
470,전하,울산동구진성13길90,울산광역시,동구
471,화정,울산동구대송로96,울산광역시,동구
472,강동산하,울산북구산하중앙2로281,울산광역시,북구
473,양정염포,울산북구염포로477-2,울산광역시,북구
474,호계1호,,울산광역시,북구
475,호계2호,울산시북구신천로53-2,울산광역시,북구
476,화봉,울산북구상방로130,울산광역시,북구
477,구영,울산울주군범서읍구영로128,울산광역시,울주군
478,남창,울산울주군온양읍온양로61,울산광역시,울주군
479,덕신,울산울주군온산읍온덕2길30,울산광역시,울주군
480,언양,울산울주군언양읍옛장터1길34,울산광역시,울주군
481,웅촌,울산울주군청량면삼정로92-3가동216호,울산광역시,울주군
482,천상,울산울주군범서읍천상중앙길104,울산광역시,울주군
483,다운,울산중구다운로40,울산광역시,중구
484,반구1호,울산중구염포로70,울산광역시,중구
485,반구2호,울산중구화합로415,울산광역시,중구
486,복산,울산중구계변로89-1,울산광역시,중구
487,성안,울산중구백양로13,울산광역시,중구
488,약사병영,울산중구평산1길2,울산광역시,중구
489,옥교,울산중구구교로64,울산광역시,중구
490,우정,울산중구우정2길25,울산광역시,중구
491,태화,울산중구신기길128태화동,울산광역시,중구
492,한솔,세종노을3로104한솔빌딩106호한솔동,세종특별자치시,세종시
493,도담,"세종보듬3로8-29도담동,해피라움6",세종특별자치시,세종시
494,가평,경기가평군가평읍오리나무길25,경기도,가평군
495,청평,경기가평군청평면청평중앙로17,경기도,가평군
496,현리,경기가평군하면조종희망로26,경기도,가평군
497,고양동,"경기고양시덕양구동헌로461,104호",경기도,고양시
498,무원마을,"경기고양시덕양구무원로32,1층103호",경기도,고양시
499,삼송,"경기고양시덕양구신원로185신원동,1층상가5~6호",경기도,고양시
500,원당,경기고양시덕양구호국로838,경기도,고양시
501,행신1호,경기고양시덕양구중앙로547,경기도,고양시
502,화정1호,"경기고양시덕양구은빛로61,1층102호",경기도,고양시
503,강선,경기고양시일산동구무궁화로75번길36,경기도,고양시
504,밤가시후곡,경기고양시일산서구일산로486,경기도,고양시
505,백마강촌,경기고양시일산동구강촌로191,경기도,고양시
506,백송,"경기고양시일산동구강송로115,중앙프라자103호",경기도,고양시
507,식사,경기고양시일산동구위시티2로11번길,경기도,고양시
508,중산,경기고양시일산동구고봉로278번길16,경기도,고양시
509,호수,경기고양시일산동구호수로446번길73-3,경기도,고양시
510,구일산,경기고양시일산서구원일로21,경기도,고양시
511,대화,"경기고양시일산서구대산로212,동남빌딩101호",경기도,고양시
512,주엽,"경기고양시일산서구중앙로1493,애비뉴상가1층",경기도,고양시
513,탄현,경기고양시일산서구탄중로233번길4,경기도,고양시
514,과천1호,경기과천시별양로28A상가4번지동제1층1023호,경기도,과천시
515,광명1호,경기광명시광명로864,경기도,광명시
516,소하1호,경기광명시기아로24,경기도,광명시
517,소하2호,"경기광명시신촌로49,신촌휴먼시아상가106호",경기도,광명시
518,철산1호,경기광명시시청로41,경기도,광명시
519,철산2호,경기광명시시청로110,경기도,광명시
520,하안1호,"경기광명시하안로287번길17,영보빌딩102호",경기도,광명시
521,곤지암,경기광주시곤지암읍경충대로617,경기도,광주시
522,광주1호,경기광주시문화로101번길2,경기도,광주시
523,신현,경기광주시오포읍신현로120,경기도,광주시
524,태전,경기광주시태봉로26,경기도,광주시
525,수택,경기구리시이문안로3,경기도,구리시
526,인창,경기구리시동구릉로77,경기도,구리시
527,토평,"경기구리시벌말로147번길28,1층상가",경기도,구리시
528,당동1호,"경기군포시고산로264번길13,그린프라자102호",경기도,군포시
529,부곡,경기군포시송부로291번길9,경기도,군포시
530,산본1호,"경기군포시산본로431번길6,101호",경기도,군포시
531,산본3호,"경기군포시곡란로8번길42,에덴다모은정아파트1층",경기도,군포시
532,산본역,경기군포시번영로495,경기도,군포시
533,호계3호,경기군포시엘에스로13,경기도,군포시
534,고촌,경기김포시고촌읍고송로17,경기도,김포시
535,구래,경기김포시김포한강9로76번길87,경기도,김포시
536,사우,"경기김포시돌문로66,1층",경기도,김포시
537,운양,경기김포시김포한강11로310승문리앤포레1차1층,경기도,김포시
538,장기1호,"경기김포시김포한강1로78번길6-6,1층연경프라자103,104,114호",경기도,김포시
539,통진1호,경기김포시서암로94번길6,경기도,김포시
540,풍무,경기도김포시풍무로59,경기도,김포시
541,덕소1호,경기남양주시와부읍수레로441층,경기도,남양주시
542,도농1호,경기남양주시경춘로384,경기도,남양주시
543,마석,경기남양주시화도읍마석로100,경기도,남양주시
544,별내1호,경기남양주시별내면별내5로5번길47,경기도,남양주시
545,별내2호,경기남양주시덕송2로6번길16-48,경기도,남양주시
546,오남,경기남양주시오남읍진건오남로647,경기도,남양주시
547,진건,경기남양주시진건읍사릉로390,경기도,남양주시
548,진접장현리,경기남양주시진접읍봉현로14,경기도,남양주시
549,진접지구,경기남양주시진접읍해밀예당2로119,경기도,남양주시
550,창현,경기남양주시화도읍창현로19,경기도,남양주시
551,퇴계원,경기남양주시퇴계원면퇴계원로33,경기도,남양주시
552,평내,경기남양주시경춘로1298혜림빌딩,경기도,남양주시
553,호평,경기남양주시호평로64-1,경기도,남양주시
554,송내,"경기동두천시중앙로134-12,예일복합타워114호",경기도,동두천시
555,괴안,경기부천시소사구범안로2,경기도,부천시
556,소사범박,경기부천시소사구소사로222,경기도,부천시
557,송내,경기부천시소사구경인로67,경기도,부천시
558,심곡1호,경기부천시소사구성주로257-1,경기도,부천시
559,고강1호,경기부천시오정구원종로111,경기도,부천시
560,원종도당,경기부천시오정구소사로740,경기도,부천시
561,상동1호,"경기부천시원미구소향로25,110호",경기도,부천시
562,상동역,"경기부천시원미구도약로25,대동프라자1층107호",경기도,부천시
563,송내로데오,경기부천시원미구상일로86,경기도,부천시
564,신중동,경기부천시원미구중동로262번길40,경기도,부천시
565,역곡2동,경기부천시원미구부일로696,경기도,부천시
566,중동2호,경기부천시원미구길주로199,경기도,부천시
567,동판교,경기성남시분당구판교역로192번길12,경기도,성남시
568,무지개마을,경기성남시분당구미금로22번길8,경기도,성남시
569,미금,경기성남시분당구미금일로74번길20,경기도,성남시
570,서판교,경기성남시분당구운중로243번길14,경기도,성남시
571,서현,"경기성남시분당구중앙공원로39번길7,1층121호",경기도,성남시
572,수내1호,경기성남시분당구내정로165번길38양지마을청구아파트,경기도,성남시
573,아름마을,"경기성남시분당구판교로445,미라보상가1층7호",경기도,성남시
574,야탑1호,경기성남시분당구벌말로40번길3,경기도,성남시
575,정자,경기성남시분당구느티로87번길19,경기도,성남시
576,효자,"경기성남시분당구돌마로478,효자촌프라자119호",경기도,성남시
577,수진1호,"경기성남시수정구제일로148,102호",경기도,성남시
578,신흥1호,경기성남시수정구수정로273,경기도,성남시
579,태평1동,경기성남시수정구성남대로1233,경기도,성남시
580,금광1호,경기성남시중원구자혜로82-1,경기도,성남시
581,상대원1호,경기성남시중원구희망로321,경기도,성남시
582,은행1호,경기성남시중원구산성대로572,경기도,성남시
583,고색,경기수원시권선구매송고색로737,경기도,수원시
584,곡반정,경기수원시권선구동수원로58번길18,경기도,수원시
585,권선1호,경기수원시권선구권광로54,경기도,수원시
586,금곡1호,"경기수원시권선구금곡로118번길10,114호,115호",경기도,수원시
587,탑동,경기수원시권선구탑동로56,경기도,수원시
588,호매실,경기수원시권선구금호로64-3,경기도,수원시
589,광교1호,경기수원시영통구센트럴타운로85,경기도,수원시
590,매탄1호,경기수원시영통구매탄로45매탄동1층,경기도,수원시
591,매탄2호,경기수원시영통구매영로47,경기도,수원시
592,매탄3호,경기수원시영통구매탄로184,경기도,수원시
593,신영통1호,경기수원시영통구영통로161,경기도,수원시
594,영통1호,경기수원시영통구영일로25,경기도,수원시
595,영통2호,"경기수원시영통구봉영로1767,한솔프라자109호",경기도,수원시
596,연무1호,경기수원시장안구월드컵로420-2,경기도,수원시
597,율전1호,경기수원시장안구율전로107,경기도,수원시
598,정자1호,경기수원시장안구장안로111,경기도,수원시
599,정자2호,"경기수원시장안구정자로28천천동,1층",경기도,수원시
600,조원1호,경기수원시장안구조원로100-1,경기도,수원시
601,파장,경기수원시장안구경수대로998,경기도,수원시
602,매교,경기수원시팔달구정조로658,경기도,수원시
603,아주대,"경기수원시팔달구중부대로239번길5우만동,우만동R타워",경기도,수원시
604,우만1호,경기수원시팔달구월드컵로371,경기도,수원시
605,화서1호,"경기수원시팔달구수성로101번길20,꽃뫼양지마을대우아파트상가105,106호",경기도,수원시
606,화서2호,경기수원시팔달구화양로17-2,경기도,수원시
607,거모,경기시흥시군자로507,경기도,시흥시
608,능곡,경기시흥시승지로69,경기도,시흥시
609,배곧신도시1호,"경기시흥시배곧4로18에이플러스115,116호",경기도,시흥시
610,신천1호,경기시흥시대골안길92,경기도,시흥시
611,은행1호,경기시흥시은행로166,경기도,시흥시
612,장곡,"경기시흥시장곡로74,금강빌딩1층108호",경기도,시흥시
613,정왕1호,경기시흥시봉우재로16,경기도,시흥시
614,정왕2호,경기시흥시정왕신길로49번길28,경기도,시흥시
615,정왕3호,"경기시흥시정왕대로174,광개토빌딩104호",경기도,시흥시
616,고잔1호,"경기안산시단원구광덕3로253,104호",경기도,안산시
617,고잔2호,경기안산시단원구삼일로455-1,경기도,안산시
618,선부1호,경기안산시단원구석수로31-1,경기도,안산시
619,원곡1호,경기안산시단원구원곡로58,경기도,안산시
620,본오1호,경기안산시상록구샘골로157,경기도,안산시
621,부곡,경기안산시상록구부곡로107,경기도,안산시
622,사동1호,"경기안산시상록구용신로262,101호",경기도,안산시
623,사동2호,"경기안산시상록구항가울로54-1,102/103호",경기도,안산시
624,월피,"경기안산시상록구충장로584,1층",경기도,안산시
625,일동,경기안산시상록구구룡로19-1,경기도,안산시
626,공도1호,경기안성시공도읍공도로68,경기도,안성시
627,안성1호,경기안성시안성맞춤대로1092,경기도,안성시
628,안성2호,경기안성시장기로68-1,경기도,안성시
629,진사리,"경기안성시공도읍진건중길39,서지프라자106호",경기도,안성시
630,관양,"경기안양시동안구관악대로419-1,1층",경기도,안양시
631,비산1호,경기안양시동안구경수대로899,경기도,안양시
632,평촌1호,경기안양시동안구평촌대로122,경기도,안양시
633,평촌3호,"경기안양시동안구학의로126,한가람한양아파트상가동108호",경기도,안양시
634,호계1호,경기안양시동안구귀인로104,경기도,안양시
635,석수1호,경기안양시만안구경수대로1207,경기도,안양시
636,안양1번가,경기안양시만안구장내로143번길34,경기도,안양시
637,안양1호,경기안양시만안구병목안로87,경기도,안양시
638,안양2호,"경기안양시만안구냉천로126,진명빌딩103호",경기도,안양시
639,고읍1호,"경기양주시고읍남로23,103호",경기도,양주시
640,덕소1호,경기남양주시와부읍수레로441층,경기도,남양주시
641,덕정1호,경기양주시고암길358,경기도,양주시
642,도농1호,경기남양주시경춘로384,경기도,남양주시
643,마석,경기남양주시화도읍마석로100,경기도,남양주시
644,백석,경기양주시백석읍호명로38,경기도,양주시
645,별내1호,경기남양주시별내면별내5로5번길47,경기도,남양주시
646,별내2호,경기남양주시덕송2로6번길16-48,경기도,남양주시
647,오남,경기남양주시오남읍진건오남로647,경기도,남양주시
648,진건,경기남양주시진건읍사릉로390,경기도,남양주시
649,진접장현리,경기남양주시진접읍봉현로14,경기도,남양주시
650,진접지구,경기남양주시진접읍해밀예당2로119,경기도,남양주시
651,창현,경기남양주시화도읍창현로19,경기도,남양주시
652,퇴계원,경기남양주시퇴계원면퇴계원로33,경기도,남양주시
653,평내,경기남양주시경춘로1298혜림빌딩,경기도,남양주시
654,호평,경기남양주시호평로64-1,경기도,남양주시
655,양평,경기양평군양평읍시민로44,경기도,양평군
656,여주1호,경기여주군여주읍하리343-11,경기도,여주시
657,전곡,경기연천군전곡읍온골로43번길3,경기도,연천군
658,세마1호,경기오산시수청로62,경기도,오산시
659,운암2호,"경기오산시운암로117,102호",경기도,오산시
660,원동,"경기오산시오산로199동양프라자101호,102호",경기도,오산시
661,구갈2지구,경기용인시기흥구구갈로92,경기도,용인시
662,구성1호,경기용인시기흥구구성로19,경기도,용인시
663,동백1호,경기용인시기흥구평촌1로1번길7,경기도,용인시
664,흥덕,경기용인시기흥구흥덕1로52,경기도,용인시
665,상현1호,경기용인시수지구만현로20,경기도,용인시
666,상현역,경기용인시수지구광교호수로360번길2,경기도,용인시
667,성복,경기용인시수지구성복2로100,경기도,용인시
668,수지1지구,"경기용인시수지구수지로342번길17풍덕천동,에덴프라자",경기도,용인시
669,수지2지구,경기용인시수지구정평로102풍덕천동,경기도,용인시
670,죽전,경기용인시수지구탄천상로7101호,경기도,용인시
671,둔전,경기용인시처인구포곡읍포곡로79,경기도,용인시
672,용인1호,경기용인시처인구중부대로1355,경기도,용인시
673,용인2호,경기용인시처인구금령로141,경기도,용인시
674,내손갈뫼,경기의왕시계원대학로28,경기도,의왕시
675,오전고천,"경기의왕시경수대로292,114호",경기도,의왕시
676,인덕원,"경기의왕시포일세거리로3,파레사타워102호",경기도,의왕시
677,포일내손,경기의왕시내손순환로186-1,경기도,의왕시
678,금오,경기의정부시부용로105,경기도,의정부시
679,녹양,경기의정부시서부로743,경기도,의정부시
680,민락,경기의정부시오목로225번길89-41,경기도,의정부시
681,신곡,경기의정부시능곡로26번길23,경기도,의정부시
682,신곡2호,경기의정부시신곡로61,경기도,의정부시
683,용현1호,경기의정부시충의로37,경기도,의정부시
684,장암,경기도\의정부시동일로468,경기도,의정부시
685,호원1호,경기의정부시평화로156,경기도,의정부시
686,이천1호,경기이천시영창로247,경기도,이천시
687,이천하이닉스,경기이천시부발읍경충대로2110길13,경기도,이천시
688,증포,경기이천시이섭대천로1358,경기도,이천시
689,가람마을,경기파주시가람로47,경기도,파주시
690,교하신도시,경기파주시순못길7,경기도,파주시
691,금촌1호,"경기파주시황골로75,1층",경기도,파주시
692,금촌로데오,경기파주시금빛로27,경기도,파주시
693,문산,"경기파주시문산읍문향로30,1층5호",경기도,파주시
694,봉일천,경기파주시조리읍고봉로1032,경기도,파주시
695,운정1호,경기파주시와석순환로135,경기도,파주시
696,비전1호,경기평택시평택5로176,경기도,평택시
697,비전2호,경기평택시평택2로117,경기도,평택시
698,세교,"경기평택시세교3로5우성꿈그린@상가105,106호",경기도,평택시
699,송탄1호,경기평택시서정로251,경기도,평택시
700,송탄2호,경기평택시지산천로63,경기도,평택시
701,안중1호,경기평택시안중읍안현로서8길57,경기도,평택시
702,팽성1호,경기평택시팽성읍안정로73,경기도,평택시
703,포승1호,경기평택시포승읍여술로33-1,경기도,평택시
704,송우,경기포천시소흘읍송우로75,경기도,포천시
705,포천,경기포천시구절초로44,경기도,포천시
706,덕풍1호,경기하남시하남대로859,경기도,하남시
707,미사1호,경기하남시미사강변북로30번길127,경기도,하남시
708,신장1호,경기하남시하남대로771,경기도,하남시
709,신장2호,경기하남시천현로130,경기도,하남시
710,동탄1호,경기화성시동탄지성로92,경기도,화성시
711,동탄2호,경기화성시동탄솔빛로48,경기도,화성시
712,발안1호,경기화성시향남읍행정서로3길4-32,경기도,화성시
713,병점1호,"경기화성시경기대로1014병점프라자109호,110호",경기도,화성시
714,병점2호,경기화성시효행로1051,경기도,화성시
715,봉담1호,경기화성시봉담읍삼천병마로1268,경기도,화성시
716,와우리,경기화성시효행로249,경기도,화성시
717,강남,강원강릉시임영로62,강원도,강릉시
718,교동1호,강원강릉시솔올로34,강원도,강릉시
719,성덕,강원강릉시용지로51-1,강원도,강릉시
720,주문진,강원강릉시주문진읍주문로4,강원도,강릉시
721,포남,강원강릉시경강로2220,강원도,강릉시
722,고성,강원고성군간성읍간성로49,강원도,고성군
723,북삼,강원동해시청운로73,강원도,동해시
724,천곡,강원도동해시한섬로30,강원도,동해시
725,삼척,강원삼척시진주로41,강원도,삼척시
726,교동,강원속초시수복로17-1,강원도,속초시
727,동명,강원속초시영금정로29,강원도,속초시
728,조양,강원속초시조양로142번길12,강원도,속초시
729,양구,강원양구군양구읍중앙길47,강원도,양구군
730,양양,강원양양군양양읍양양로78-3,강원도,양양군
731,영월,강원영월군영월읍하송1리6반178-11,강원도,영월군
732,개운,강원원주시행구로32,강원도,원주시
733,단계,강원원주시봉화로48,강원도,원주시
734,단구,강원원주시나비허리길154,강원도,원주시
735,명륜,강원원주시남원로527,강원도,원주시
736,무실,강원원주시만대로176,강원도,원주시
737,문막,강원원주시문막읍건등로36,강원도,원주시
738,우산,강원원주시우산초교길58,강원도,원주시
739,일산,강원원주시남산로59,강원도,원주시
740,태장,강원원주시태장동북원로2716-1,강원도,원주시
741,혁신,"강원원주시양지로14,114호",강원도,원주시
742,원통,강원인제군북면원통로174-1,강원도,인제군
743,사북고한,강원정선군사북읍사북중앙로58-1,강원도,정선군
744,교대,강원춘천시공지로104,강원도,춘천시
745,석사1호,"강원춘천시애막골길11번길2,33통405",강원도,춘천시
746,신사우동,강원춘천시영서로2767,강원도,춘천시
747,춘천시청,강원춘천시금강로24,강원도,춘천시
748,퇴계2호,강원춘천시안마산로199,강원도,춘천시
749,효자,강원춘천시효자로115,강원도,춘천시
750,후평1호,강원춘천시후석로270,강원도,춘천시
751,후평사거리,강원춘천시춘천로299,강원도,춘천시
752,태백1호,강원태백시황지로13-1,강원도,태백시
753,홍천,강원홍천군홍천읍마지기로11-2,강원도,홍천군
754,사창,강원화천군사내면사내로5길13,강원도,화천군
755,화천,강원화천군화천읍하리44-45,강원도,화천군
756,횡성,강원횡성군횡성읍삼일로9-2,강원도,횡성군
757,단양,충북단양군단양읍수변로63,충청북도,단양군
758,보은,충북보은군보은읍보은로137,충청북도,보은군
759,금왕,충북음성군금왕읍무극로204-1,충청북도,음성군
760,대소,충북음성군대소면대동로865,충청북도,음성군
761,음성,충북음성군음성읍시장로67,충청북도,음성군
762,장호원감곡,충북음성군감곡면장감로154,충청북도,음성군
763,명동,충북제천시용두천로5길10,충청북도,제천시
764,신백,충북제천시의병대로36길29,충청북도,제천시
765,장락,충북제천시용두천로260,충청북도,제천시
766,청전,충북제천시칠성로10길7,충청북도,제천시
767,증평,충북증평군증평읍중앙로197,충청북도,증평군
768,광혜원,충북진천군광혜원면중리1길7,충청북도,진천군
769,진천,충북진천군진천읍상산로64,충청북도,진천군
770,오창1호,충북청원군오창읍오창중앙로123-7,충청북도,청원군
771,금천광장,"충북청주시상당구용암동411,412",충청북도,청주시
772,용암1호,충북청주시상당구원봉로79,충청북도,청주시
773,우암동,충북청주시상당구상당로220,충청북도,청주시
774,분평,충북청주시서원구청남로1992,충청북도,청주시
775,가경2호,"충북청주시흥덕구복대로19,매직타워1층110호",충청북도,청주시
776,복대1호,충북청주시흥덕구성봉로319-1,충청북도,청주시
777,봉명1호,충북청주시흥덕구월명로178,충청북도,청주시
778,사직1호,충북청주시흥덕구호국로71,충청북도,청주시
779,산남성화,"충북청주시흥덕구구룡산로51번가길10,101호",충청북도,청주시
780,오송,충북청주시흥덕구오송읍오송생명로200,충청북도,청주시
781,운천신봉,충북청주시흥덕구사운로244-1,충청북도,청주시
782,하복대,충북청주시흥덕구진재로34,충청북도,청주시
783,갱고개,충북충주시교현동173-11,충청북도,충주시
784,봉방문화교현,충북충주시국원대로83,충청북도,충주시
785,성내용산,충북충주시형설로110,충청북도,충주시
786,연수,충북충주시갱고개로154-1,충청북도,충주시
787,계룡대,충남계룡시엄사면번영로68,충청남도,계룡시
788,신관,충남공주시번영1로138,충청남도,공주시
789,옥룡,충남공주시무령로301,충청남도,공주시
790,금산,충남금산군금산읍금산로1503-2,충청남도,금산군
791,취암,충남논산시중앙로214,충청남도,논산시
792,기지시,충남당진시송악읍반촌로140-39,충청남도,당진시
793,복운,충남당진시송악읍신복운로171,충청남도,당진시
794,신평,"충남당진시신평면거산3거리길46,1층",충청남도,당진시
795,읍내,충남당진시무수동로196읍내동,충청남도,당진시
796,채운,충남당진시우두로23,충청남도,당진시
797,합덕,충남당진시합덕읍합우로136,충청남도,당진시
798,동대,충남보령시작은오랏5길9,충청남도,보령시
799,부여,충남부여군부여읍석탑로76-1,충청남도,부여군
800,대산,충남서산시대산읍구진로27,충청남도,서산시
801,동문,충남서산시안견로153-3,충청남도,서산시
802,서산테크노,충남서산시성연면성연3로111,충청남도,서산시
803,석림,충남서산시안견로265,충청남도,서산시
804,읍내,충남서산시문화로19,충청남도,서산시
805,서천,충남서천군서천로127,충청남도,서천군
806,권곡,충남아산시번영로182,충청남도,아산시
807,배미,충남아산시서부북로1006,충청남도,아산시
808,배방1호,충남아산시배방읍모산로153-1,충청남도,아산시
809,온천,충남아산시아산로70,충청남도,아산시
810,용화,충남아산시온중로5,충청남도,아산시
811,예산,충남예산군예산읍역전로150-1,충청남도,예산군
812,목천,충남천안시동남구목천읍충절로890,충청남도,천안시
813,병천,충남천안시동남구병천면병천2로3,충청남도,천안시
814,신방1호,"충남천안시동남구신촌4로38,부흥빌딩104호",충청남도,천안시
815,신방통정,충남천안시동남구통정10로33-6,충청남도,천안시
816,신부1호,충남천안시동남구터미널2로30신부동,충청남도,천안시
817,원성,충남천안시동남구버들로144,충청남도,천안시
818,청수,천안시동남구청수11로18,충청남도,천안시
819,두정,충남천안시서북구성정중7길18,충청남도,천안시
820,백석,"충남천안시서북구백석3로70,주공그린빌11단지3차아파트상가103호",충청남도,천안시
821,불당,충남천안시서북구불당33길40,충청남도,천안시
822,성거,충청천안시서북구성거읍성거길107,충청남도,천안시
823,성환1호,충남천안시서북구성환읍연암율금로472,충청남도,천안시
824,직산1호,충남천안시서북구직산읍봉주로23,충청남도,천안시
825,태안,충남태안군태안읍동문1길45,충청남도,태안군
826,내포1호,충남홍성군홍북면청사로36승우빌딩107호,충청남도,홍성군
827,오관,충남홍성군홍성읍의사로53-2,충청남도,홍성군
828,고창,전북고창군고창읍중앙로309,전라북도,고창군
829,경암조촌,"전북군산시번영로74,1층",전라북도,군산시
830,군산대,전북군산시미제3길2,전라북도,군산시
831,나운1호,전북군산시나운로82,전라북도,군산시
832,미장수송,전북군산시수송동동수송4길8,전라북도,군산시
833,소룡산북,전북군산시칠성안2길94-3,전라북도,군산시
834,지곡,전북군산시백토로231,전라북도,군산시
835,김제,전북김제시도작8길38,전라북도,김제시
836,남원,전북남원시시청로25,전라북도,남원시
837,무주,전북무주군무주읍주계로67-1,전라북도,무주군
838,무주구천,전북무주군설천면구천동로852,전라북도,무주군
839,부안,전북부안군부안읍학동길22-1,전라북도,부안군
840,순창,전북순창군순창읍경천로57,전라북도,순창군
841,봉동,"전북완주군봉동읍완주산단8로13,101호",전라북도,완주군
842,삼례우석대,전북완주군삼례읍삼례로430,전라북도,완주군
843,동산,전북익산시서동로95,전라북도,익산시
844,모현,전북익산시배산로165-5,전라북도,익산시
845,부송,전북익산시하나로0길84,전라북도,익산시
846,영등1호,전북익산시고봉로274,전라북도,익산시
847,영등2호,전북익산시무왕로15길15,전라북도,익산시
848,원광대,"전북익산시익산대로68길51시즈퍼스트상가112호,113호",전라북도,익산시
849,임실,전북임실군임실읍감천로20,전라북도,임실군
850,동산조촌,전북전주시덕진구혁신로718,전라북도,전주시
851,솔내,전북전주시덕진구송천로42,전라북도,전주시
852,송천,전북전주시덕진구사근1길31113호,전라북도,전주시
853,아중,전북전주시덕진구건산로216,전라북도,전주시
854,전북대,전북전주시덕진구덕진광장로12,전라북도,전주시
855,하가덕진,전북전주시덕진구가리내7길13덕진동2가,전라북도,전주시
856,호성,전북전주시덕진구견훤로423,전라북도,전주시
857,삼천1호,전북전주시완산구용리로124,전라북도,전주시
858,서곡효자,전북전주시완산구홍산로375104호,전라북도,전주시
859,서신,전라북도전주시완산구고사평4길7,전라북도,전주시
860,신시가지,전북전주시완산구봉곡로114,전라북도,전주시
861,안행,전북전주시완산구효동2길1,전라북도,전주시
862,중앙,전북전주시완산구고사동전주객사3길35,전라북도,전주시
863,중화산,전북전주시완산구신촌4길4,전라북도,전주시
864,평화1호,전북전주완산구평화로135,전라북도,전주시
865,혁신,전북전주시완산구오정2길6,전라북도,전주시
866,효자,전북전주시완산구거마평로125,전라북도,전주시
867,상동,전북정읍시관통로20-1,전라북도,정읍시
868,수성,전북정읍시수성로19,전라북도,정읍시
869,강진,전남강진군강진읍영랑로3길7,전라남도,강진군
870,읍내,전남광양시광양읍칠성리,전라남도,광양시
871,중마1호,전남광양시사동로199,전라남도,광양시
872,중마2호,전남광양시광장로149-1,전라남도,광양시
873,나주,전남나주시대호길49-1,전라남도,나주시
874,빛가람1호,전남나주시상야1길20,전라남도,나주시
875,담양,전남담양군담양읍죽향대로1204,전라남도,담양군
876,삼학,전남목포시남해로61,전라남도,목포시
877,상동석현,전남목포시옥암로182경현빌딩1층,전라남도,목포시
878,옥암,전남목포시남악1로52번길8,전라남도,목포시
879,용해,전남목포시용당로276,전라남도,목포시
880,원산,전남목포시청호로141,전라남도,목포시
881,하당,전남목포시평화로10,전라남도,목포시
882,남악,전남무안군삼향읍남악4로50,전라남도,무안군
883,무안읍,전남무안군무안읍면성1길129,전라남도,무안군
884,보성,전남보성군보성읍중앙로101,전라남도,보성군
885,금당1호,전남순천시장선배기길771-4호,전라남도,순천시
886,남부,전남순천시장평로50,전라남도,순천시
887,순천대점,전남순천시순천대2길30,전라남도,순천시
888,신대,전남순천시해룡면매안3길271층,전라남도,순천시
889,연향,전남순천시연향번영8길11,전라남도,순천시
890,조례,전남순천시봉화2길36,전라남도,순천시
891,팔마,"전남순천시팔마4길28,1층",전라남도,순천시
892,국동,전남여수시신월로570,전라남도,여수시
893,둔덕,전남여수시쌍봉로361,전라남도,여수시
894,문수,전남여수시문수로64,전라남도,여수시
895,신기,전남여수시망마로81,전라남도,여수시
896,안산,전남여수시도원로144,전라남도,여수시
897,여서,전남여수시여문1로30,전라남도,여수시
898,죽림무선,전남여수시소라면죽림로19,전라남도,여수시
899,영광,전남영광군영광읍천년로13길3,전라남도,영광군
900,삼호,전남영암군삼호읍대불주거로118,전라남도,영암군
901,완도,"전남완도군완도읍개포로114번길45,1층",전라남도,완도군
902,장흥,전남장흥군장흥읍동교2길23,전라남도,장흥군
903,해남,전남해남군해남읍읍내길20번지,전라남도,해남군
904,화순,전남화순군화순읍광덕로136,전라남도,화순군
905,경산,경북경산시성암로21길3-1,경상북도,경산시
906,경산오거리,경북경산시원효로4,경상북도,경산시
907,계양사동,경북경산시백양로33길13,경상북도,경산시
908,영대,경북경산시압량면압독2로22,경상북도,경산시
909,진량,경북경산시진량읍봉황길41,경상북도,경산시
910,하양,경북경산시하양읍하양로21,경상북도,경산시
911,동천,경북경주시백률로28-2,경상북도,경주시
912,안강,경북경주시안강읍구부랑길43-1,경상북도,경주시
913,충효,경북경주시충효중앙길27,경상북도,경주시
914,황성,경북경주시용담로116번길7,경상북도,경주시
915,도량,경북구미시송동로66,경상북도,구미시
916,봉곡,경북구미시봉곡남로87-1,경상북도,구미시
917,상모,경북구미시상사서로92,경상북도,구미시
918,선산,경북구미시선산읍선산중앙로98-1,경상북도,구미시
919,송정,"경북구미시송원동로41송정동,우방타운206동2호",경상북도,구미시
920,신평공단,경북구미시신비로4,경상북도,구미시
921,옥계,경북구미시산호대로25길29-1,경상북도,구미시
922,원평,경북구미시원남로69,경상북도,구미시
923,원호,경북구미시고아읍문장로202,경상북도,구미시
924,인동,경북구미시여헌로98-1,경상북도,구미시
925,진평,경북구미시인동26길20,경상북도,구미시
926,형곡,경북구미시형곡로100,경상북도,구미시
927,김천,"경북김천시신음새동네길82,가동",경상북도,김천시
928,김천혁신,경북김천시혁신4로5,경상북도,김천시
929,부곡,경북김천시김천로10,경상북도,김천시
930,점촌,경북문경시당교로212,경상북도,문경시
931,상주,경북상주시상산로347-2무양동,경상북도,상주시
932,경북도청,경북안동시풍천면풍요4길36-7,경상북도,안동시
933,금곡,경북안동시제비원로135-1,경상북도,안동시
934,송현오거리,경북안동시경동로347,경상북도,안동시
935,옥동,경북안동시광명로178,경상북도,안동시
936,용상,경북안동시경동로916-1,경상북도,안동시
937,가흥,경북영주시대학로187번길4-1,경상북도,영주시
938,영주,경북영주시대동로165,경상북도,영주시
939,중앙,경북영주시구성로325,경상북도,영주시
940,풍기,경북영주시풍기읍기주로81번길6,경상북도,영주시
941,영천1호,경북영천시호국로111,경상북도,영천시
942,울진,경북울진군울진읍울진중앙로175,경상북도,울진군
943,청도,경북청도군청도읍청화로125-1,경상북도,청도군
944,북삼,경북칠곡군북삼읍금오대로233,경상북도,칠곡군
945,석적,경북칠곡군석적읍북중리12길2,경상북도,칠곡군
946,왜관,경북칠곡군왜관읍중앙로2길33,경상북도,칠곡군
947,구룡포,경북포항시남구구룡포읍구룡포1리742,경상북도,포항시
948,남부,경북포항시남구문예로84,경상북도,포항시
949,대해중앙,경북포항시남구상공로156,경상북도,포항시
950,도구청림,경북포항시남구동해면도구2리629,경상북도,포항시
951,송도,경북포항시남구축항로18,경상북도,포항시
952,연일,경북포항시남구연일읍연일중앙로37,경상북도,포항시
953,오천,경북포항시남구오천읍원동로60,경상북도,포항시
954,효곡,경북포항남구효성로61풍림아이원상가107호,경상북도,포항시
955,양덕,경북포항시북구천마로72번길30,경상북도,포항시
956,양학대이,경북포항시북구양학로22,경상북도,포항시
957,용흥,경북포항시북구새마을로52,경상북도,포항시
958,우현,경북포항시북구중앙로413-7,경상북도,포항시
959,장성,경북포항시북구삼흥로20,경상북도,포항시
960,죽도,경북포항시북구중앙상가1길6,경상북도,포항시
961,환호장량,경북포항시북구법원로88,경상북도,포항시
962,흥해,경북포항시북구흥해읍동해대로1476,경상북도,포항시
963,고현상동,경남거제시거제중앙로1804,경상남도,거제시
964,아주,경남거제시아주로68,경상남도,거제시
965,옥포,경남거제시옥포로6길11,경상남도,거제시
966,장평,경남거제시장평3로3길8,경상남도,거제시
967,중곡수월,경남거제시중곡2로6길15,경상남도,거제시
968,거창1호,경남거창군거창읍거열로197,경상남도,거창군
969,고성,경남고성군고성읍동외로130-1,경상남도,고성군
970,구산,경남김해시구산로20,경상남도,김해시
971,내동,경남김해시평전로181,경상남도,김해시
972,대청,경남김해시대청로210번길24,경상남도,김해시
973,부원봉황,경남김해시가락로23번길7,경상남도,김해시
974,삼계1호,경남김해시해반천로144번길35-10,경상남도,김해시
975,삼방,경남김해시삼안로244,경상남도,김해시
976,삼정,경남김해시활천로36번길14,경상남도,김해시
977,어방,경남김해시인제로170번길9-25,경상남도,김해시
978,외동,경남김해시함박로47,경상남도,김해시
979,율하,경남김해시율하2로3-1,경상남도,김해시
980,장유1호,경남김해시금관대로599번길14-6,경상남도,김해시
981,지내안동,경남김해시김해대로2725번길50,경상남도,김해시
982,진영,경남김해시진영읍장등로10번길12,경상남도,김해시
983,남해,경남남해군남해읍화전로54,경상남도,남해군
984,내일동,경남밀양시백민로76-1,경상남도,밀양시
985,삼문상남,경남밀양시미리벌중앙로56,경상남도,밀양시
986,동금,경남사천시남일로43-1,경상남도,사천시
987,벌용,경남사천시벌리9길35,경상남도,사천시
988,사남,경남사천시사남면월성1길100103호,경상남도,사천시
989,사천,경남사천시사천읍진삼로1433-2,경상남도,사천시
990,덕계,경남양산시덕계로51,경상남도,양산시
991,물금,경남양산시물금읍화합9길9,경상남도,양산시
992,삼성,경남양산시북정로25,경상남도,양산시
993,상북,경남양산시상북면반회서5길11,경상남도,양산시
994,서창1호,경남양산시삼호로180,경상남도,양산시
995,석산,경남양산시동면금오2길50,경상남도,양산시
996,중앙,경남양산시양주2길371층,경상남도,양산시
997,증산,경남양산시물금읍물금로182,경상남도,양산시
998,통도사,경남양산시하북면통도사로54,경상남도,양산시
999,가호,경남진주시가좌길84번길4,경상남도,진주시
1000,금산,경남진주시금산면금산순환로42-1,경상남도,진주시
1001,상대,경남진주시상대로24,경상남도,진주시
1002,상봉중앙,경남진주시촉석로171-1,경상남도,진주시
1003,상평,경남진주시돗골로96,경상남도,진주시
1004,신안평거,경남진주시진양호로354,경상남도,진주시
1005,이현인사,경남진주시북장대로27,경상남도,진주시
1006,칠암망경,경남진주시동진로20번길11,경상남도,진주시
1007,판문평거,경남진주시진양호로123번길6,경상남도,진주시
1008,하대초전,경남진주시하대로107,경상남도,진주시
1009,혁신,경남진주시에나로103-5뽀빠이프라자1층113호,경상남도,진주시
1010,남지,경남창녕군남지읍남지중앙로102-1,경상남도,창녕군
1011,창녕,경남창녕군창녕읍종로62번지,경상남도,창녕군
1012,문화중앙,경남창원시마산합포구3·15대로155,경상남도,창원시
1013,월영,경남창원시마산합포구월영동로9,경상남도,창원시
1014,자산교방,경남창원시마산합포구자산삼거리로5-1,경상남도,창원시
1015,진동,경남창원시마산합포구진동면진동사동로16,경상남도,창원시
1016,창동산호,경남창원시마산합포구합포로120,경상남도,창원시
1017,내서삼계,경남창원시마산회원구내서읍삼풍로61,경상남도,창원시
1018,양덕,경남창원시마산회원구양덕서8길53,경상남도,창원시
1019,합성,경남창원시마산회원구합성옛길273,경상남도,창원시
1020,호계,경남창원시마산회원구내서읍호원로239,경상남도,창원시
1021,남양,경남창원시성산구가음정로43번길3더원빌딩104호,경상남도,창원시
1022,대방,경남창원시성산구대암로247,경상남도,창원시
1023,반송,경남창원시성산구반송로81번길2,경상남도,창원시
1024,사파,경남창원시성산구신사로103,경상남도,창원시
1025,중앙,경남창원시성산구중앙대로61번길3,경상남도,창원시
1026,감계,경남창원시의창구북면감계로110번길47-1,경상남도,창원시
1027,도계명서,"경남창원시의창구도계로60번길5-6,1층",경상남도,창원시
1028,동읍,경남창원시의창구동읍의창대로860,경상남도,창원시
1029,봉곡사림,경남창원시의창구봉곡로118봉곡동,경상남도,창원시
1030,용지호수,경남창원시의창구용지로153번길7,경상남도,창원시
1031,중동소답,경남창원시의창구의창대로254번길9,경상남도,창원시
1032,팔용,경남창원시의창구남산로1번길30,경상남도,창원시
1033,석동덕산,경남창원시진해구냉천로70-1,경상남도,창원시
1034,웅동용원,경남창원시진해구용원로31용원동,경상남도,창원시
1035,중앙,경남창원시진해구여좌로8,경상남도,창원시
1036,태평,경남창원시진해구충무로68,경상남도,창원시
1037,풍호,경남창원시진해구충장로657번길35창원마린푸르지오2단,경상남도,창원시
1038,미수봉평,"경남통영시운하1길25,천우운하맨션상가115호",경상남도,통영시
1039,북신무전,경남통영시원문로30,경상남도,통영시
1040,죽림,"경남통영시광도면죽림2로77,가동103호",경상남도,통영시
1041,함안,경남함안군가야읍가야로90,경상남도,함안군
1042,함양,경남함양군함양읍함양로1111-1,경상남도,함양군
1043,합천,경남합천군합천읍대야로869,경상남도,합천군
1044,대정,제주서귀포시대정읍신영로73,제주특별자치도,서귀포시
1045,서귀포1호,제주서귀포시일주동로8584,제주특별자치도,서귀포시
1046,서귀포명동,제주서귀포시명동로29서귀동,제주특별자치도,서귀포시
1047,서귀포혁신도시,제주서귀포시신서귀로97길55,제주특별자치도,서귀포시
1048,월드컵경기장,제주서귀포시월드컵로31,제주특별자치도,서귀포시
1049,중문,제주서귀포시천제연로215,제주특별자치도,서귀포시
1050,건입,제주제주시고마로29,제주특별자치도,제주시
1051,노형,제주제주시월랑로35,제주특별자치도,제주시
1052,도두해안도로,제주제주시서해안로160-11층,제주특별자치도,제주시
1053,삼양화북,제주제주시화삼북로2길32,제주특별자치도,제주시
1054,아라이도,제주제주시승천로51,제주특별자치도,제주시
1055,애월하귀,제주제주시애월읍하귀9길45,제주특별자치도,제주시
1056,용담삼도,제주제주시용화로63,제주특별자치도,제주시
1057,이도일도,제주제주시광양13길3,제주특별자치도,제주시
1058,제주1호,제주제주시삼무로50,제주특별자치도,제주시
1059,탑동,제주제주시탑동로21,제주특별자치도,제주시
1060,한림협재,제주제주시한림읍한림중앙로47,제주특별자치도,제주시
